,rfc,TOTAL,razon social
0,RGS091030Z5E,414245.27999999997,ROSA DE GUADALUPE
1,SCO861024L54,316296.0399999999,SORIANA
2,AMS130507JI3,252119.03999999998,AMAZON MEXICO SERVICES INC
